,0
BMW 3 Series Wagon 2012,0
Ferrari 458 Italia Coupe 2012,1
Buick Verano Sedan 2012,2
Dodge Durango SUV 2007,3
Rolls-Royce Ghost Sedan 2012,4
Mazda Tribute SUV 2011,5
Jeep Compass SUV 2012,6
Audi S5 Convertible 2012,7
Audi 100 Sedan 1994,8
Porsche Panamera Sedan 2012,9
Chevrolet HHR SS 2010,10
Dodge Ram Pickup 3500 Crew Cab 2010,11
Aston Martin V8 Vantage Coupe 2012,12
Audi 100 Wagon 1994,13
Lincoln Town Car Sedan 2011,14
Aston Martin V8 Vantage Convertible 2012,15
Spyker C8 Coupe 2009,16
Toyota Corolla Sedan 2012,17
HUMMER H2 SUT Crew Cab 2009,18
FIAT 500 Convertible 2012,19
Ford Edge SUV 2012,20
Hyundai Veloster Hatchback 2012,21
Hyundai Tucson SUV 2012,22
Dodge Ram Pickup 3500 Quad Cab 2009,23
GMC Acadia SUV 2012,24
Nissan NV Passenger Van 2012,25
Hyundai Santa Fe SUV 2012,26
BMW 1 Series Convertible 2012,27
Tesla Model S Sedan 2012,28
Nissan Leaf Hatchback 2012,29
Ford Ranger SuperCab 2011,30
Toyota Camry Sedan 2012,31
BMW X3 SUV 2012,32
Daewoo Nubira Wagon 2002,33
Audi S5 Coupe 2012,34
Honda Accord Sedan 2012,35
Chevrolet Silverado 1500 Classic Extended Cab 2007,36
Bentley Arnage Sedan 2009,37
BMW Z4 Convertible 2012,38
BMW X5 SUV 2007,39
Jeep Wrangler SUV 2012,40
Mercedes-Benz C-Class Sedan 2012,41
BMW M6 Convertible 2010,42
Spyker C8 Convertible 2009,43
Dodge Caliber Wagon 2012,44
Bugatti Veyron 16.4 Convertible 2009,45
Chrysler Aspen SUV 2009,46
Bentley Continental Supersports Conv. Convertible 2012,47
Rolls-Royce Phantom Sedan 2012,48
Acura Integra Type R 2001,49
Chevrolet Express Cargo Van 2007,50
Lamborghini Aventador Coupe 2012,51
Ford Focus Sedan 2007,52
BMW ActiveHybrid 5 Sedan 2012,53
Dodge Dakota Club Cab 2007,54
Chevrolet Silverado 1500 Regular Cab 2012,55
Mercedes-Benz Sprinter Van 2012,56
Chevrolet TrailBlazer SS 2009,57
Hyundai Azera Sedan 2012,58
Ford F-150 Regular Cab 2007,59
Jeep Liberty SUV 2012,60
Buick Enclave SUV 2012,61
Chevrolet Express Van 2007,62
Volkswagen Beetle Hatchback 2012,63
Ford GT Coupe 2006,64
Chevrolet Camaro Convertible 2012,65
Lamborghini Reventon Coupe 2008,66
Rolls-Royce Phantom Drophead Coupe Convertible 2012,67
Maybach Landaulet Convertible 2012,68
Dodge Caliber Wagon 2007,69
Volkswagen Golf Hatchback 1991,70
Ferrari California Convertible 2012,71
Hyundai Accent Sedan 2012,72
Mitsubishi Lancer Sedan 2012,73
Land Rover LR2 SUV 2012,74
AM General Hummer SUV 2000,75
smart fortwo Convertible 2012,76
Chevrolet Avalanche Crew Cab 2012,77
Hyundai Elantra Touring Hatchback 2012,78
Dodge Challenger SRT8 2011,79
Chrysler PT Cruiser Convertible 2008,80
Toyota 4Runner SUV 2012,81
Jeep Grand Cherokee SUV 2012,82
Suzuki SX4 Hatchback 2012,83
Ram C/V Cargo Van Minivan 2012,84
Acura TL Type-S 2008,85
Dodge Caravan Minivan 1997,86
Bentley Continental Flying Spur Sedan 2007,87
Hyundai Sonata Sedan 2012,88
Hyundai Sonata Hybrid Sedan 2012,89
Cadillac CTS-V Sedan 2012,90
Volvo C30 Hatchback 2012,91
Volkswagen Golf Hatchback 2012,92
Chevrolet Tahoe Hybrid SUV 2012,93
GMC Savana Van 2012,94
BMW 6 Series Convertible 2007,95
Cadillac Escalade EXT Crew Cab 2007,96
Isuzu Ascender SUV 2008,97
Mercedes-Benz E-Class Sedan 2012,98
Chevrolet Malibu Sedan 2007,99
Audi RS 4 Convertible 2008,100
Bugatti Veyron 16.4 Coupe 2009,101
Geo Metro Convertible 1993,102
Suzuki Aerio Sedan 2007,103
Acura TL Sedan 2012,104
Aston Martin Virage Coupe 2012,105
Audi S4 Sedan 2012,106
Infiniti QX56 SUV 2011,107
Hyundai Veracruz SUV 2012,108
Audi V8 Sedan 1994,109
MINI Cooper Roadster Convertible 2012,110
Audi S6 Sedan 2011,111
Chevrolet Corvette Convertible 2012,112
Mercedes-Benz 300-Class Convertible 1993,113
Scion xD Hatchback 2012,114
Cadillac SRX SUV 2012,115
Plymouth Neon Coupe 1999,116
BMW 1 Series Coupe 2012,117
Audi TT RS Coupe 2012,118
Lamborghini Diablo Coupe 2001,119
Chevrolet Monte Carlo Coupe 2007,120
Ford Mustang Convertible 2007,121
Ford F-450 Super Duty Crew Cab 2012,122
Bentley Continental GT Coupe 2012,123
GMC Canyon Extended Cab 2012,124
Chevrolet Sonic Sedan 2012,125
Ferrari 458 Italia Convertible 2012,126
Mercedes-Benz S-Class Sedan 2012,127
BMW 3 Series Sedan 2012,128
Infiniti G Coupe IPL 2012,129
Dodge Journey SUV 2012,130
HUMMER H3T Crew Cab 2010,131
Mercedes-Benz SL-Class Coupe 2009,132
Chrysler Town and Country Minivan 2012,133
Dodge Charger SRT-8 2009,134
Ford Freestar Minivan 2007,135
Bentley Continental GT Coupe 2007,136
Nissan 240SX Coupe 1998,137
Acura TSX Sedan 2012,138
Chrysler Crossfire Convertible 2008,139
Chevrolet Silverado 1500 Extended Cab 2012,140
Acura RL Sedan 2012,141
Fisker Karma Sedan 2012,142
Ferrari FF Coupe 2012,143
Hyundai Elantra Sedan 2007,144
Ford E-Series Wagon Van 2012,145
Eagle Talon Hatchback 1998,146
Chrysler Sebring Convertible 2010,147
Audi R8 Coupe 2012,148
Honda Odyssey Minivan 2012,149
Audi S4 Sedan 2007,150
BMW M5 Sedan 2010,151
Acura ZDX Hatchback 2012,152
Ford F-150 Regular Cab 2012,153
Honda Odyssey Minivan 2007,154
Buick Regal GS 2012,155
Volvo 240 Sedan 1993,156
McLaren MP4-12C Coupe 2012,157
BMW X6 SUV 2012,158
Toyota Sequoia SUV 2012,159
Dodge Sprinter Cargo Van 2009,160
Chevrolet Silverado 2500HD Regular Cab 2012,161
Honda Accord Coupe 2012,162
Chevrolet Cobalt SS 2010,163
Dodge Durango SUV 2012,164
Bentley Mulsanne Sedan 2011,165
FIAT 500 Abarth 2012,166
Ford Expedition EL SUV 2009,167
Dodge Dakota Crew Cab 2010,168
BMW M3 Coupe 2012,169
Chevrolet Malibu Hybrid Sedan 2010,170
Volvo XC90 SUV 2007,171
Ford Fiesta Sedan 2012,172
Suzuki Kizashi Sedan 2012,173
Jaguar XK XKR 2012,174
Hyundai Genesis Sedan 2012,175
Lamborghini Gallardo LP 570-4 Superleggera 2012,176
Suzuki SX4 Sedan 2012,177
Chevrolet Traverse SUV 2012,178
Dodge Magnum Wagon 2008,179
Audi A5 Coupe 2012,180
Chevrolet Impala Sedan 2007,181
Dodge Charger Sedan 2012,182
Audi TTS Coupe 2012,183
GMC Yukon Hybrid SUV 2012,184
Nissan Juke Hatchback 2012,185
Audi TT Hatchback 2011,186
Chevrolet Corvette Ron Fellows Edition Z06 2007,187
Aston Martin Virage Convertible 2012,188
Buick Rainier SUV 2007,189
Chevrolet Silverado 1500 Hybrid Crew Cab 2012,190
Chevrolet Corvette ZR1 2012,191
Chrysler 300 SRT-8 2010,192
Jeep Patriot SUV 2012,193
Land Rover Range Rover SUV 2012,194
GMC Terrain SUV 2012,195
